repository_path,source_path,source_commit,git_blob,git_mode,size,sha256
.gitignore,.gitignore,c28f7a6d3b95383ff9ee961d12dab2cc9e75ac3e,3a09b4f443b3a188edc78065ee85c29db9edc5f2,100644,531,e098b1389e0c1d6925a8ce4be2d2265debfe88ce5abcd075f850bcfa20cd2005
README.upstream.md,README.md,c28f7a6d3b95383ff9ee961d12dab2cc9e75ac3e,869b21a298f4f3ee135ceccb5443512aa2ef5603,100644,2546,25973b19c972cd7ae05beece8160fa155f618722f8067e1a2b4ffb52f4bd4efe
docs/hardware_preflight_checklist.md,docs/hardware_preflight_checklist.md,c28f7a6d3b95383ff9ee961d12dab2cc9e75ac3e,fd65b883f147b6cc6d027e98f27ac817f17c2217,100644,3376,7fc7903c34166d4300dfe6be4fc4d06be1274a186c2ae5ff38c4b475c393b665
docs/mcu_c_command_patch.md,docs/mcu_c_command_patch.md,c28f7a6d3b95383ff9ee961d12dab2cc9e75ac3e,73efd8306121cd17307c2ff700dee389bf19eff8,100644,806,7e44253ce6c2e1afa56b67aeb80c1816b00e70b23f5a7f0ad43132b7f366843e
perception/lane_detection/README.md,perception/lane_detection/README.md,c28f7a6d3b95383ff9ee961d12dab2cc9e75ac3e,e69de29bb2d1d6434b8b29ae775ad8c2e48c5391,100644,0,e3b0c44298fc1c149afbf4c8996fb92427ae41e4649b934ca495991b7852b855
perception/lane_detection/configs/dataset.yaml,perception/lane_detection/configs/dataset.yaml,c28f7a6d3b95383ff9ee961d12dab2cc9e75ac3e,298db21419ba7740a187f3f0d5313ef4bf8d6f26,100644,160,497fbe2af7e8081e0c6a4d30f67127bc137a8a237350628d43eb3b6c2e2189bc
perception/lane_detection/scripts/infer.py,perception/lane_detection/scripts/infer.py,c28f7a6d3b95383ff9ee961d12dab2cc9e75ac3e,ab1109332b12b9bbcc4fb6f6d426ecbced766de7,100644,339,4d5650b066c60a8c7b6e1f1f3d70555788e57ec0aa8458169523aae3ba476305
perception/lane_detection/scripts/train.py,perception/lane_detection/scripts/train.py,c28f7a6d3b95383ff9ee961d12dab2cc9e75ac3e,e17c156781b044e7d24fa912189780cdce4e1d18,100644,330,aed8b142f88152a0e7fde4f4f39921c2f744acd11a084ce7bf4b971337087a42
scripts/e2e_preflight_check.sh,scripts/e2e_preflight_check.sh,c28f7a6d3b95383ff9ee961d12dab2cc9e75ac3e,4954c4d287f7573beeb726087647e9d1a2f3623e,100755,4344,94570a3f993cc0319a8469871c8ca7a3dcc54690e80a9a4a48350b7373bab48d
scripts/e2e_topic_check.sh,scripts/e2e_topic_check.sh,c28f7a6d3b95383ff9ee961d12dab2cc9e75ac3e,4fd27f505c712fafae69afaafd09a3ea4f0a710c,100755,645,0d1dac0d22fe09dedd94bbbf63584608ea4b027a9645cd7b01fe5a334634856f
src/autonomous_bringup/README.md,src/autonomous_bringup/README.md,c28f7a6d3b95383ff9ee961d12dab2cc9e75ac3e,efca1cdf48f90e0aa2d4deb41f5a8250b617850f,100644,4807,5b4b3cbac90b3cff130123f90b3f3620c0e98db8bd9720b6ea964607f385de06
src/autonomous_bringup/autonomous_bringup/__init__.py,src/autonomous_bringup/autonomous_bringup/__init__.py,c28f7a6d3b95383ff9ee961d12dab2cc9e75ac3e,8b137891791fe96927ad78e64b0aad7bded08bdc,100644,1,01ba4719c80b6fe911b091a7c05124b64eeece964e09c058ef8f9805daca546b
src/autonomous_bringup/launch/e2e_hardware_safe.launch.py,src/autonomous_bringup/launch/e2e_hardware_safe.launch.py,c28f7a6d3b95383ff9ee961d12dab2cc9e75ac3e,ee850a570831ed02e6ce74544a31c706ac9c6426,100644,6697,4f833328a5a45b4dce8df36ec697383e3f7b47bc4598c445b9a8c970bfd647c2
src/autonomous_bringup/launch/e2e_mock.launch.py,src/autonomous_bringup/launch/e2e_mock.launch.py,c28f7a6d3b95383ff9ee961d12dab2cc9e75ac3e,cdf6163a2bceded4b70b0e3fe50ea7fedfc594ae,100644,4662,3a7b5ff3b8f9c145edfe93f4c2e9eb56eb35a20507116fe69293e835973546f0
src/autonomous_bringup/package.xml,src/autonomous_bringup/package.xml,c28f7a6d3b95383ff9ee961d12dab2cc9e75ac3e,c090b47f8c4cef91a2f083b3ada4727f3ca8f2d1,100644,879,656facdbfcb90d8c21bfc0c615c3193fa09759976f70fa68d55187d59792eda1
src/autonomous_bringup/resource/autonomous_bringup,src/autonomous_bringup/resource/autonomous_bringup,c28f7a6d3b95383ff9ee961d12dab2cc9e75ac3e,8b137891791fe96927ad78e64b0aad7bded08bdc,100644,1,01ba4719c80b6fe911b091a7c05124b64eeece964e09c058ef8f9805daca546b
src/autonomous_bringup/setup.cfg,src/autonomous_bringup/setup.cfg,c28f7a6d3b95383ff9ee961d12dab2cc9e75ac3e,b4a59ebaf0964166625f412af67d1be3baab0c60,100644,105,63677249292037cdcd2cce18a239ae2eb7c763d4094fe9db52b829f9b4444133
src/autonomous_bringup/setup.py,src/autonomous_bringup/setup.py,c28f7a6d3b95383ff9ee961d12dab2cc9e75ac3e,02c942fb902309e1f58a7e3ec2002e6d18b208d0,100644,803,7d95c32fb9b9ee40679c5b6d9d67304dca5b6fbb398676f862c21c588871d078
src/neuro_decision/.gitignore,src/neuro_decision/.gitignore,c28f7a6d3b95383ff9ee961d12dab2cc9e75ac3e,ea5764668ff7f575e248ffcc3a3d112158a6c9cc,100644,83,9075557e19b89b28fbc8e993dba4d1e981e1c15b522803cdca8c18411cbe71cb
src/neuro_decision/README.md,src/neuro_decision/README.md,c28f7a6d3b95383ff9ee961d12dab2cc9e75ac3e,9f5fea0a00f02126eb6fd800b088e4d1fb5e6bdf,100644,22065,b8b0c0f598fbca12fe537aa9d7e687a045e2566160eb5dd7020cdc6e5f278208
src/neuro_decision/archive/behavior_node_backup.py,src/neuro_decision/archive/behavior_node_backup.py,c28f7a6d3b95383ff9ee961d12dab2cc9e75ac3e,1224c724d1190ae0cf65732eb3e7838695b42935,100644,27377,f7a65cf0525cba49e37ec9c5dad4804a6ee3d2eea0a73b213de0ade3fc1fe863
src/neuro_decision/archive/behavior_node_backup_v1.py,src/neuro_decision/archive/behavior_node_backup_v1.py,c28f7a6d3b95383ff9ee961d12dab2cc9e75ac3e,287b4c9456c73eb1ccccc0fb788939d94dcfd0ba,100644,41471,51c1252b51aeebbbea26e7297df28d0093b46b7b1efefb62ac28c98877f28d38
src/neuro_decision/archive/pure_pursuit_node.py,src/neuro_decision/archive/pure_pursuit_node.py,c28f7a6d3b95383ff9ee961d12dab2cc9e75ac3e,fc21fbd825dcb031929be0d9f3bfa3011a77adf6,100644,12225,e64d3546ee8852252a0ed6003d1ec7f36c0a87fa09b4a16fee319f0ae280bb7a
src/neuro_decision/archive/pure_pursuit_node_backup_v1.py,src/neuro_decision/archive/pure_pursuit_node_backup_v1.py,c28f7a6d3b95383ff9ee961d12dab2cc9e75ac3e,183d79bfa7729f7abc991d426158ec392bbc3a4a,100644,9108,4243327b40b950fad2286ffe9bcf6dce90f6bd8e67eb990a91d26ac755a9bef0
src/neuro_decision/archive/speed_control_node.py,src/neuro_decision/archive/speed_control_node.py,c28f7a6d3b95383ff9ee961d12dab2cc9e75ac3e,c1a1793ffe95f8a1888399b75aba775ac8bd12c8,100644,17345,f4aacc3c74b8ebe606d0f36b341d419211813014a274d68ec2f73861fda2d225
src/neuro_decision/archive/speed_control_node_backup_v1.py,src/neuro_decision/archive/speed_control_node_backup_v1.py,c28f7a6d3b95383ff9ee961d12dab2cc9e75ac3e,b675f4f160c03d18371acde5e6d5c443f860689e,100644,13106,6d80d7674930d809b15982a2aa25f8095669720c83a44a36c751d6cff242c295
src/neuro_decision/archive/waypoint_behavior_node.py,src/neuro_decision/archive/waypoint_behavior_node.py,c28f7a6d3b95383ff9ee961d12dab2cc9e75ac3e,9545a22276cb29a63891f3b4ccd59c4c8531aa96,100644,12837,73d50581892255844928e796e85842d8d049a18ad7cee1a67a0aefa0c1284941
src/neuro_decision/launch/localization.launch.py,src/neuro_decision/launch/localization.launch.py,c28f7a6d3b95383ff9ee961d12dab2cc9e75ac3e,685f5630dae07e00bcca116bf2e700c5b05a03a3,100644,741,a4b79190162d0d49f3bf071941b083aa4bbea7e8b33fa4324ffa29ef659e0051
src/neuro_decision/launch/neuro_decision.launch.py,src/neuro_decision/launch/neuro_decision.launch.py,c28f7a6d3b95383ff9ee961d12dab2cc9e75ac3e,a82ff503b7a363d9d7160d7e1d7f36876fd1221e,100644,5819,24536eb43b2bdaa01a71d5c566b26d604c5484c150e7e7167b73ece9828e1f29
src/neuro_decision/neuro_decision/__init__.py,src/neuro_decision/neuro_decision/__init__.py,c28f7a6d3b95383ff9ee961d12dab2cc9e75ac3e,f4e84556c4e86e0c27c7f513156d60a00759fcd9,100644,30,3b4ac44c2e15d9156099c3ab8fe7ad48df830d37d673ac18c89469cde6a1180a
src/neuro_decision/neuro_decision/behavior_node.py,src/neuro_decision/neuro_decision/behavior_node.py,c28f7a6d3b95383ff9ee961d12dab2cc9e75ac3e,dab9d6ce10f7b59c90b747d5af185df32332e9f4,100644,79722,718596c01626bd0f9f7b9836af1a61e8809525a72a9e808e4df1e4fea77ae069
src/neuro_decision/neuro_decision/cmd_vel_adapter_node.py,src/neuro_decision/neuro_decision/cmd_vel_adapter_node.py,c28f7a6d3b95383ff9ee961d12dab2cc9e75ac3e,4dffeec4f3f33bfadc06530d8ce103bdd1ac81b4,100644,8436,04c9ca3ccac24b8205117958f9e76a6ab8f437b73a441eb283337541ddb1d00b
src/neuro_decision/neuro_decision/ego_vehicle.json,src/neuro_decision/neuro_decision/ego_vehicle.json,c28f7a6d3b95383ff9ee961d12dab2cc9e75ac3e,0319068ad181cb754d9ea06cfc806427af8adbe1,100644,768,c0179b51da6a24d8d6d7af98e9ac25f1bc399782bc9ebf8af870133a5edfbb53
src/neuro_decision/neuro_decision/follow_ego.py,src/neuro_decision/neuro_decision/follow_ego.py,c28f7a6d3b95383ff9ee961d12dab2cc9e75ac3e,a7c85b4c25f88b461fb08c3cbf7bca4d5d6f42d9,100644,2438,1f2e5e05d2441ee019215e41c5326b21374ade9341b9c67adfbb9ac0b1305fba
src/neuro_decision/neuro_decision/steering_command_node.py,src/neuro_decision/neuro_decision/steering_command_node.py,c28f7a6d3b95383ff9ee961d12dab2cc9e75ac3e,138f9a28e76ad3e4ded0740e5609fbaadd77171a,100644,15008,75e469654b87db89b9c318e17a4d53752e7bd7e2bc0c848a4c0f57b93021898c
src/neuro_decision/package.xml,src/neuro_decision/package.xml,c28f7a6d3b95383ff9ee961d12dab2cc9e75ac3e,026a6dc65a0467e3a66581336243cc5717e7b8bf,100644,915,44c311547c954e594e0b50509b4954899ca4fbd78d50db76d962fdecc35dba1c
src/neuro_decision/resource/neuro_decision,src/neuro_decision/resource/neuro_decision,c28f7a6d3b95383ff9ee961d12dab2cc9e75ac3e,e69de29bb2d1d6434b8b29ae775ad8c2e48c5391,100644,0,e3b0c44298fc1c149afbf4c8996fb92427ae41e4649b934ca495991b7852b855
src/neuro_decision/setup.cfg,src/neuro_decision/setup.cfg,c28f7a6d3b95383ff9ee961d12dab2cc9e75ac3e,a141c5a9720a8faf6e1113cb1870ceed5d1c720c,100644,97,1e3d5162bfde008f259b41a16cd9c9ba603867b80b92f311db3e303e95c9c177
src/neuro_decision/setup.py,src/neuro_decision/setup.py,c28f7a6d3b95383ff9ee961d12dab2cc9e75ac3e,00c68fd558076e01a21df67203b3a65e2ca48856,100644,945,ad5cf5a89161526693cda3cc365d2ce32882736c850c4cd3a8af26329427b758
src/vehicle_serial_bridge/README.md,src/vehicle_serial_bridge/README.md,c28f7a6d3b95383ff9ee961d12dab2cc9e75ac3e,0d142c16c4470657c350479ffc677efef24b880c,100644,6398,0ab7d245f1d3ad52e48e9f48c7a59356194037a77f934243ceb3109418acd51e
src/vehicle_serial_bridge/config/mcu_serial_bridge.yaml,src/vehicle_serial_bridge/config/mcu_serial_bridge.yaml,c28f7a6d3b95383ff9ee961d12dab2cc9e75ac3e,2b9dcbc385f49642fc0ccfe6535b9a8143b6dc82,100644,623,82cf433c6a72d8f4593af68e59d3c650bd19929b813a7664297731e03aaeb90e
src/vehicle_serial_bridge/launch/mcu_serial_bridge.launch.py,src/vehicle_serial_bridge/launch/mcu_serial_bridge.launch.py,c28f7a6d3b95383ff9ee961d12dab2cc9e75ac3e,5b1a0daee81de83857d795857aa5985892d5b7f2,100644,3564,4c268e89d3d788ac01365617b5f243bb15ca443f284c3ab31e17befeb02dbd50
src/vehicle_serial_bridge/package.xml,src/vehicle_serial_bridge/package.xml,c28f7a6d3b95383ff9ee961d12dab2cc9e75ac3e,3d529cdeff68780181238a9be021389c6aa97437,100644,773,950c82faa3312ad753a8191656225c2f6f1077e21c4e6e46185d402e608152aa
src/vehicle_serial_bridge/resource/vehicle_serial_bridge,src/vehicle_serial_bridge/resource/vehicle_serial_bridge,c28f7a6d3b95383ff9ee961d12dab2cc9e75ac3e,e69de29bb2d1d6434b8b29ae775ad8c2e48c5391,100644,0,e3b0c44298fc1c149afbf4c8996fb92427ae41e4649b934ca495991b7852b855
src/vehicle_serial_bridge/setup.cfg,src/vehicle_serial_bridge/setup.cfg,c28f7a6d3b95383ff9ee961d12dab2cc9e75ac3e,dae7ab422e8ce0454a956c79d8e013b36e5e0585,100644,110,f589c4442543a21391a02de90df1de0d908e583f4d331393e4cab49691fed410
src/vehicle_serial_bridge/setup.py,src/vehicle_serial_bridge/setup.py,c28f7a6d3b95383ff9ee961d12dab2cc9e75ac3e,602c799bf5a8c41e8c7c42a9b569e6cb24cf94b8,100644,952,f1a096f6b08d58fd752af21109ca3ec873705a4ec4d0e07bbd860e87c3187991
src/vehicle_serial_bridge/vehicle_serial_bridge/__init__.py,src/vehicle_serial_bridge/vehicle_serial_bridge/__init__.py,c28f7a6d3b95383ff9ee961d12dab2cc9e75ac3e,e69de29bb2d1d6434b8b29ae775ad8c2e48c5391,100644,0,e3b0c44298fc1c149afbf4c8996fb92427ae41e4649b934ca495991b7852b855
src/vehicle_serial_bridge/vehicle_serial_bridge/mcu_serial_bridge.py,src/vehicle_serial_bridge/vehicle_serial_bridge/mcu_serial_bridge.py,c28f7a6d3b95383ff9ee961d12dab2cc9e75ac3e,a32db641752007821f40dc28fbd58c69eadd0cc3,100644,17994,f256fe12d5634cca829bd0efa626faff4f798fde0c7b9b9eb3e7f18c9e21c393
src/yolopv2_ros/README.md,src/yolopv2_ros/README.md,c28f7a6d3b95383ff9ee961d12dab2cc9e75ac3e,306ebc2d95ae525b7ec8e13bb02f0c6de34d760c,100644,24412,d3572480ae486523ea61e9d2035686652379aea17d01d174942ebacbc630df74
src/yolopv2_ros/launch/full_perception.launch.py,src/yolopv2_ros/launch/full_perception.launch.py,c28f7a6d3b95383ff9ee961d12dab2cc9e75ac3e,11f6e491fb4de7b40ef239682e2318c3550acb89,100644,11419,76433077aa2048e4b5b9f72f1cd81e5fc544ff054e04e62864a0d34afb23d854
src/yolopv2_ros/launch/perception_planning_bridge.launch.py,src/yolopv2_ros/launch/perception_planning_bridge.launch.py,c28f7a6d3b95383ff9ee961d12dab2cc9e75ac3e,c9469e5e2197c006e2f291b2083cc1513ca1a4ad,100644,12179,217e10a9c1d793b53f65cfbe26ffe7013fc5832223db2e64385cf71a756c18cf
src/yolopv2_ros/launch/two_detectors.launch.py,src/yolopv2_ros/launch/two_detectors.launch.py,c28f7a6d3b95383ff9ee961d12dab2cc9e75ac3e,9d91c718d624b03750983f2fff2374408545de97,100644,2726,cc2c0a6657ae0c74b1009d7695d73552f28b6988b3553ea436f6b3deb31ff231
src/yolopv2_ros/package.xml,src/yolopv2_ros/package.xml,c28f7a6d3b95383ff9ee961d12dab2cc9e75ac3e,094d4945fa311cf97d424edb8a1b1b5a2d3ad3cb,100644,809,c2606d99deea51e05b5b3e0d1e8edad9f09ec580270e00a4a3edf9f3f66479c7
src/yolopv2_ros/resource/yolopv2_ros,src/yolopv2_ros/resource/yolopv2_ros,c28f7a6d3b95383ff9ee961d12dab2cc9e75ac3e,e69de29bb2d1d6434b8b29ae775ad8c2e48c5391,100644,0,e3b0c44298fc1c149afbf4c8996fb92427ae41e4649b934ca495991b7852b855
src/yolopv2_ros/setup.cfg,src/yolopv2_ros/setup.cfg,c28f7a6d3b95383ff9ee961d12dab2cc9e75ac3e,bafa02de3628a2c04b9378d769ab4ed1af5b36fe,100644,91,5a1d9fee07760d016d38468cf2988d1ddd7a139bd306b31053bb22cb61fecdf0
src/yolopv2_ros/setup.py,src/yolopv2_ros/setup.py,c28f7a6d3b95383ff9ee961d12dab2cc9e75ac3e,f87aaaadb7699ef99aee6fd623a2c82d83212136,100644,1575,852fbbba5f48287a7989de3d3968c820ce28ad800906de193281442c7230efe4
src/yolopv2_ros/test/test_copyright.py,src/yolopv2_ros/test/test_copyright.py,c28f7a6d3b95383ff9ee961d12dab2cc9e75ac3e,97a39196e84db97954341162a6d2e7f771d938c0,100644,962,ea71bbbc6247b5c14d176ed09f39ee274d563cc9b2ec355828ea451ceff31757
src/yolopv2_ros/test/test_flake8.py,src/yolopv2_ros/test/test_flake8.py,c28f7a6d3b95383ff9ee961d12dab2cc9e75ac3e,27ee1078ff077cc3a0fec75b7d023101a68164d1,100644,884,37a813a0507f0ce51a2d0b57312d2cc078a0307a3ca85580ea801b0d2f9755d2
src/yolopv2_ros/test/test_pep257.py,src/yolopv2_ros/test/test_pep257.py,c28f7a6d3b95383ff9ee961d12dab2cc9e75ac3e,b234a3840f4c5bd38f043638c8622b8f240e1185,100644,803,e8b88d49ee296987b1b40069f81019b5fa09b1aa1bfee9a1faae45bb5cf53eda
src/yolopv2_ros/yolopv2_ros/__init__.py,src/yolopv2_ros/yolopv2_ros/__init__.py,c28f7a6d3b95383ff9ee961d12dab2cc9e75ac3e,e69de29bb2d1d6434b8b29ae775ad8c2e48c5391,100644,0,e3b0c44298fc1c149afbf4c8996fb92427ae41e4649b934ca495991b7852b855
src/yolopv2_ros/yolopv2_ros/fusion_visualizer_node.py,src/yolopv2_ros/yolopv2_ros/fusion_visualizer_node.py,c28f7a6d3b95383ff9ee961d12dab2cc9e75ac3e,c8eeec9f28f12dd8a69c098caad63a2f56c85198,100644,25688,3255661e166bd4d3ff774f4432658625777f50a5d7649df3f0f2d40db2858049
src/yolopv2_ros/yolopv2_ros/image_resize_node.py,src/yolopv2_ros/yolopv2_ros/image_resize_node.py,c28f7a6d3b95383ff9ee961d12dab2cc9e75ac3e,dbb8dac788cadebcc00315cd7b6d0cb4be8bb57d,100644,4251,302dbe6550b49c58c07d3ba8723c177f7596eb46b6978cb2058063668e01d64f
src/yolopv2_ros/yolopv2_ros/masked_ray_ground_projection.py,src/yolopv2_ros/yolopv2_ros/masked_ray_ground_projection.py,c28f7a6d3b95383ff9ee961d12dab2cc9e75ac3e,94d8a87548c00819eebce7fe076b3a480147eea5,100644,17058,6b751fc8f191b20baeee01634ab4244dfa0481b7c2448e767383300d9ca5404d
src/yolopv2_ros/yolopv2_ros/pedestrian_detector_node.py,src/yolopv2_ros/yolopv2_ros/pedestrian_detector_node.py,c28f7a6d3b95383ff9ee961d12dab2cc9e75ac3e,d102f30859fda868c4c7a031230b4272e1dbe61b,100644,792,57d735da498cc435c816e4ccbe0f79358285d3a5a057ffd85cf7d7b3c3e93889
src/yolopv2_ros/yolopv2_ros/perception_inference_node.py,src/yolopv2_ros/yolopv2_ros/perception_inference_node.py,c28f7a6d3b95383ff9ee961d12dab2cc9e75ac3e,0b115bd0ebfa834033897ffac74146663b0bed91,100644,14825,80208f201774ccad26ce29f096609d6ba5b4967acd1b3df41e986a9038d81fc5
src/yolopv2_ros/yolopv2_ros/traffic_light_detector_node.py,src/yolopv2_ros/yolopv2_ros/traffic_light_detector_node.py,c28f7a6d3b95383ff9ee961d12dab2cc9e75ac3e,c4235628702dea2af4581e84f608f01f6595b3d4,100644,1103,7727f8889342a5ede442855816809d8708e5afd5f98ee31e444a882c4e9ea4c6
src/yolopv2_ros/yolopv2_ros/traffic_light_state_node.py,src/yolopv2_ros/yolopv2_ros/traffic_light_state_node.py,c28f7a6d3b95383ff9ee961d12dab2cc9e75ac3e,6b0a25d628a511aacebf5f886f3397e1d4a48e7a,100644,14041,da555519a20184a968ff94a52a83cb73ac6ef33adfd5d31248a47dc29edf34d7
src/yolopv2_ros/yolopv2_ros/video_to_topic.py,src/yolopv2_ros/yolopv2_ros/video_to_topic.py,c28f7a6d3b95383ff9ee961d12dab2cc9e75ac3e,a3b24a2a7b95edff9462f0f394f5911f20e04135,100644,4826,2ccb67a20f9dd193c21ba07caeee7d93ee1f598dc973089eda4d6e53b17f7b8c
src/yolopv2_ros/yolopv2_ros/yolo_detector_base.py,src/yolopv2_ros/yolopv2_ros/yolo_detector_base.py,c28f7a6d3b95383ff9ee961d12dab2cc9e75ac3e,1c327ebdc36d58e510324d81689622cb5aee2132,100644,9276,9658437322640a44dde3c853dec7d7b7944ce3db362aa3de58687706bbfd056d
